id,Math - EN,Math - UA ,Common - EN,Common - UA,Adv trick - EN,Adv trick - UA,Param - EN,Param - UA,Linguistic obfuscation - EN,Linguistic obfuscation - UA
1,How many permutations can be produced by drawing balls numbered 0 to 9 from an urn with replacement 4 times?,"Є скриня з кулями, які пронумеровані від 0 до 9. Ви дістаєте по одній кулі 4 рази підряд. Після кожного разу ви повертаєте кулю назад у скриню. Скільки різних перестановок куль можна отримати?",A bike locker has a 4-digit code. How many different codes exist?,Замок для велосипедів має 4-цифровий код. Скільки різних кодів існує?,"A bike locker has a 4-digit code. The locker is made from 3 materials: copper, silver and steel. How many different codes exist?","Замок для велосипедів має 4-цифровий код. Замок зроблений з трьох матеріалів: мідь, срібло та сталь. Скільки різних кодів існує?",A bike locker has a 9-digit code. How many different codes exist?,Замок для велосипедів має 9-цифровий код. Скільки різних кодів існує?,"4 spaceships, called K-23, K-14, K-15 and K-29, are making preparations before going into battle. They have arranged themselves in a straight line. Each of the spaceships has the ability to change the colour of its outside using a program. The possible colors are: black, white, orange, red, blue, green, yellow, purple, brown and grey. If they randomly choose their colors, how many different constellations are there?","4 космічні кораблі, які називаються K-23, K-14, K-15 та K-29, готуються до битви. Вони розташовані у лінію. Кожен з них може змінити колір своєї поверхні за допомогою програми. Можливі кольори: чорний, білий, помаранчевий, червоний, блакитний, зелений, жовтий, фіолетовий, коричневий та сірий. Якщо вони випадковим чином обирають свої кольори, скільки різних перестановок кольорів існує?"
2,You draw without replacement from an urn containing 16 balls numbered 1 to 16. How many distinct permutations are there?,"Є скриня з кулями, які пронумеровані від 1 до 16. Ви дістаєте кулі 16 разів одну за одною, не повертаючи їх у скриню. Скільки різних перестановок куль можна отримати?",You want to arrange 16 bingo balls in a sequence. How many distinct sequences are there?,Ви хочете розмістити у ряд 16 пронумерованих кульок. Скільки різних послідовностей існує?,There are 100 people watching a lottery show and waiting for the results. You want to arrange 16 bingo balls in a sequence. How many distinct sequences are there?,"Є 100 людей, які дивляться лотерею і чекають на результати. Ви хочете розмістити у ряд 16 пронумерованих кульок. Скільки різних послідовностей існує?",You want to arrange 99 bingo balls in a sequence. How many distinct sequences are there?,Ви хочете розмістити у ряд 99 пронумерованих кульок. Скільки різних послідовностей існує?,"A princess sits in her castle and looks at her 16 beautiful unicorns. Each one has its own name, its own fur colour and its own decorations. The princess wants to impress her subjects with the most amazing parade, one unicorn after the other will ride down the street. She is considering which ordering will be most pleasing: should she start with Tango, followed by Twisty who share the same saddle colour? Or arrange them in a different way? She spends a lot of time imagining how her unicorns will appear in the parade. How many different parades are there?","Принцеса сидить у замку і дивиться на своїх 16 гарних єдинорогів. Кожен з них має свої власні ім'я, колір шерсті та прикраси. Принцеса хоче вразити своїх знайомих, влаштувавши найдивовижніший парад, на якому єдинороги будуть йти один за одним по вулиці. Вона обдумує, який порядок буде найвражаючим: чи варто їй почати з Танго, після якого йде Твісті, що матимуть однакове сідло? Чи, може, організувати їх по-іншому? Вона витрачає багато часу на те, щоб уявити, як її єдинороги будуть виглядати на параді. Скільки різних парадів може влаштувати принцеса?"
3,How many distinct ways are there to draw a sequence of 3 balls without replacement from an urn containing balls numbered 1 to 10?,"Є скриня з кулями, які пронумеровані від 1 до 10. Ви дістаєте кулі 3 рази одну за одною, не повертаючи їх у скриню. Скільки існує різних наборів з 3 куль?","10 countries take part in a curling event. How many ways are there to assign the gold, silver and bronze medals to the winning countries? ","10 країн беруть участь у змаганнях з керлінгу. Скільки існує способів нагородити країни-переможці золотою, срібною та бронзовою медалями?","10 countries take part in a curling event. How many ways are there to assign the gold, silver and bronze medals to the winning countries? The medals have 3 different shapes: square, oval and round, respectively.","10 країн беруть участь у змаганнях з керлінгу. Скільки існує способів нагородити країни-переможці золотою, срібною та бронзовою медалями? Медалі мають 3 різні форми: квадратну, овальну та круглу.","206 countries take part in a curling event. How many ways are there to assign the gold, silver and bronze medals to the winning countries? ","206 країн беруть участь у змаганнях з керлінгу. Скільки існує способів нагородити країни-переможці золотою, срібною та бронзовою медалями?","10 bear brothers arrive at Goldilock's house. They are each one year older than the other -- the oldest is 10, the youngest is just one year old. 
They love the scenery at Goldilock's house. 
-- Oh, how delicious the pudding smells!
-- How soft the bed is!
-- And how warm and bubbly the bath that somebody has prepared! 
The brothers all run forwards and struggle to get to the pudding, the bath and the bed. They fall over each other getting there -- the older ones pushing the younger ones aside, the fastest ones running around the slower ones. 
But at the end of the day, whatever you do, there is only one bath, one pudding and one bed. How many different outcomes are there for 3 brothers out of the 10 to get the three rewards?","10 братів-ведмедів приходять до будинку Голділок. Кожен з них старший за іншого на один рік: старшому -- 10, наймолодшому - лише один рік. Їм подобається всередині будинку Голділок.
-- О, як смачно пахне пиріг! 
-- Яке м’яке ліжко! 
-- І яка тепла ванна з піною, яку хтось підготував!
Брати разом побігли вперед і борються, щоб дістатися пирога, ванни і ліжка. Вони падають один на одного, намагаючись дістатися туди -- старші відштовхують молодших, найшвидші бігуть повз повільніших. Але врешті решт, що б вони не робили, є лише одна ванна, один пиріг і одне ліжко. Скільки існує різних способів надання цих трьох винагород трьом різним братам із десяти?"
4,How many valid bracketed sequences are there given 6 positions? Valid bracketed sequence is a valid arithmetic expression from which all numbers and operators have been removed.,"Скільки існує правильних дужкових послідовностей для 6 позицій? Правильна дужкова послідовність -- це правильний арифметичний вираз, з якого видалили усі числа та знаки.","There is a line in a cinema for a movie. The ticket costs 5 pounds. 3 people have a 10 pound banknote each and 3 people have a 5 pound banknote each. At the beginning the ticket cashier does not have any change. How many distinct ways are there to form a line, so that everybody can buy a ticket? ","У кінотеатрі черга на фільм. Квиток коштує 5 фунтів. 3 людини мають банкноту у 10 фунтів кожна, і ще 3 люди мають банкноту у 5 фунтів кожна. На початку касир немає решти. Скільки існує різних способів формування черги, щоб кожен міг купити квиток?","There is a line in a cinema for a movie. The ticket costs 5 pounds. 3 people have a 10 pound banknote each and 3 people have a 5 pound banknote each. At the beginning the ticket cashier does not have any change. In addition to cinema tickets all guests get a great deal: a free popcorn box and a can of Coca-Cola or Sprite for just 2 pounds. How many distinct ways are there to form a line, so that everybody can buy a ticket? ","У кінотеатрі черга на фільм. Квиток коштує 5 фунтів. 3 людини мають банкноту у 10 фунтів кожна, і ще 3 люди мають банкноту у 5 фунтів кожна. На початку касир немає решти. До того ж, всі гості отримують чудові подарунки: безкоштовну коробку для попкорну і пляшку з Кока-Колою чи Спрайтом за 2 фунта. Скільки існує різних способів формування черги, щоб кожен міг купити квиток?","There is a line in a cinema for a movie. The ticket costs 5 pounds. 5 people have a 10 pound banknote each and 5 people have a 5 pound banknote each. At the beginning the ticket cashier does not have any change. How many distinct ways are there to form a line, so that everybody can buy a ticket? ","У кінотеатрі черга на фільм. Квиток коштує 5 фунтів. 5 людей мають банкноту у 10 фунтів кожна, і ще 5 людей мають банкноту у 5 фунтів кожна. На початку касир немає решти. Скільки існує різних способів формування черги, щоб кожен міг купити квиток?","Many dragons and princes are getting ready for a masquerade ball. There is a guard at the door of the ball, and she will not let anybody enter without a mask. But there is a problem -- princes don't have any masks. Dragons, on the other hand, each are born with two masks, and because they are generous creatures, they want to help as many princes as possible to enter with them. So before entering, each dragon deposits their second mask with the guard, so that the next prince who arrives can enter the masquerade. During one particular hour before the masquerade starts, three dragons and three princes arrive at various times at the door to the ball. How many possible arrival sequences are there so that all six can enjoy the masquerade together?","Купа драконів та принців готуються до балу-маскараду. Перед вхідними дверми до балу стоїть охорона, і вона не дозволить нікому увійти без маски. Але є проблема -- принци не мають масок. З іншого боку, дракони мають по дві маски та, оскільки вони щедрі істоти, вони хочуть допомогти якомога більшій кількості принців потрапити на бал разом з ними. Отже, перед тим, як увійти, кожен дракон залишає свою другу маску з охоронцем, щоб наступний принц, який приходить, міг потрапити на маскарад. За годину до початку маскараду, три дракони і три принци приходять в різні часи до дверей. Скільки існує можливих послідовностей, щоб усі шість могли насолоджуватися маскарадом разом?"
5,"Your current position is a place A. You want to reach place B, which is 2 steps to the right of you and 2 steps down. You draw with replacement from an urn with 2 balls labelled ""go 1 step down"" and ""go 1 step right"". You draw 4 times. How many sequences will get you to place B? ","Ваша поточна позиція -- це позиція А. Ви хочете дійти до позиції B, яка знаходиться 2 кроками праворуч і 2 кроками нижче від вас. Перед вами скриня з 2 кулями, які підписані відповідно: ""Пройди на 1 крок вниз"" і ""Пройди на 1 крок праворуч"". Ви дістаєте кулі 4 рази одну за одною, кожного разу повертаючи кулю назад до скрині. Скільки послідовностей дій приведе вас до точки B?","There is a 3x3 grid board. A marker is placed in the top left corner. At any given point, the marker has two legal moves:
1. Move down one square;
2. Move right one square;
The marker cannot move diagonally. The marker cannot move up or left.
How many distinct paths can the marker take to reach the bottom right corner?","Є дошка 3x3. Фішка знаходиться у верхньому лівому кутку. У будь-якій момент фішка має дві можливі дії: 
1. Переміститися на один квадрат вниз;
2. Переміститися на один квадрат праворуч; 
Фішка не може рухатись по діагоналі. Фішка не може рухатись вгору чи ліворуч. Скільки різних шляхів існує для фішки, щоб дістатися нижнього правого кутку?","There is a 3x3 grid board. A marker is placed in the top left corner. At any given point, the marker has two legal moves:
1. Move down one square;
2. Move right one square;
The marker cannot move diagonally. The marker cannot move up or left. Initially, the squares of the board are in one of 2 colours, black and white. After each move, the marker changes its color to one of the rainbow colors.
How many distinct paths can the marker take to reach the bottom right corner?","Є дошка 3x3. Фішка знаходиться у верхньому лівому кутку. У будь-якій момент фішка має дві можливі дії: 
1. Переміститися на один квадрат вниз;
2. Переміститися на один квадрат праворуч; 
Фішка не може рухатись по діагоналі. Фішка не може рухатись вгору чи ліворуч. Клітинки дошки мають один з 2 кольорів: чорний або білий. Після кожного кроку фішка змінює колір на один з кольорів веселки. Скільки різних шляхів існує для фішки, щоб дістатися нижнього правого кутку?","There is a 101x101 grid board. A marker is placed in the top left corner. At any given point, the marker has two legal moves:
1. Move down one square;
2. Move right one square;
The marker cannot move diagonally. The marker cannot move up or left.
How many distinct paths can the marker take to reach the bottom right corner?","Є дошка 101x101. Фішка знаходиться у верхньому лівому кутку. У будь-якій момент фішка має дві можливі дії: 
1. Переміститися на один квадрат вниз;
2. Переміститися на один квадрат праворуч; 
Фішка не може рухатись по діагоналі. Фішка не може рухатись вгору чи ліворуч. Скільки різних шляхів існує для фішки, щоб дістатися нижнього правого кутку?",I am on the north-western city block of Manhattan. I can only drive to the city block east or south to the one I am currently at and there are traffic lights at the intersection of blocks. I cannot drive any other direction. How many distinct routes are there for me to get one to the south-eastern city block that is exactly 2 blocks to the east and 2 blocks to the south.,"Я знаходжуся на північно-західному кварталі Мангеттена. Я можу їхати лише до кварталу на схід або на південь від того, в якому я зараз. На перетині кварталів знаходяться світлофори. Я не можу їхати в будь-якому іншому напрямку. Скільки різних маршрутів є для мене, щоб дістатися до південно-східного кварталу, який знаходиться на 2 квартали на схід та 2 квартали на південь від початкової точки маршруту."
6,How many different permutations of the string AABBBOO exist? ,Скільки існує різних перестановок рядка AABBBOO?,"Lia has 2 apples, 3 bananas and 2 oranges. For the upcoming week, she wants to eat one fruit every day. How many ways are there to do it?","Ліа має 2 яблука, 3 банани і 2 апельсини. Наступного тижня вона хоче з'їсти по одному фрукту кожного дня. Скільки існує способів це зробити?","Lia has 2 apples, 3 bananas and 2 oranges. For the upcoming week, she wants to eat one fruit every day. Apples weigh 100g, bananas weigh 150g and oranges weigh 200g. How many ways are there to do it?","Ліа має 2 яблука, 3 банани і 2 апельсини. Наступного тижня вона хоче з'їсти по одному фрукту кожного дня. Яблука важать по 100 г, банани важать по 150 г, а апельсини важать по 200 г. Скільки існує способів це зробити?","Lia has 11 apples, 10 bananas and 9 oranges. For the upcoming September, she wants to eat one fruit every day. How many ways are there to do it?","Ліа має 11 яблук, 10 бананів і 9 апельсинів. У вересні, що розпочнеться незабаром, вона хоче з'їсти по одному фрукту кожного дня. Скільки існує способів це зробити?","An astronaut is alone in a space station. He has only 7 food rations. There are 3 chicken dinners, 2 steak dinners, and 2 lasagnas. He has also 3 hot drinks left: coffee with milk, herbal tea and a hot chocolate. The astronaut considers very carefully the sequence of foods before him. How many different sequences are there?","Астронавт знаходиться один на космічній станції. У нього є лише 7 раціонів їжі: 3 курячі вечері, 2 вечері зі стейком та 2 лазаньї. У нього також залишилося 3 гарячі напої: кава з молоком, трав'яний чай та гарячий шоколад. Астронавт уважно розглядає можливі послідовності їжі перед ним. Скільки різних послідовностей існує?"
7,In an urn there are 5 balls numbered 1 to 5. You draw 5 times without replacement. How many distinct sequences are there starting with ball number 1?,"У скрині є 5 куль, які пронумеровані від 1 до 5. Ви дістаєте кулі 5 разів одну за одною, не повертаючи їх назад до скрині. Скільки різних послідовностей починається з кулі номер 1?",There are 5 people dancing a circle dance. How many distinct ways are there to arrange them?,5 людей танцюють у хороводі. Скільки існує різних способів їх організувати?,There are 5 people dancing a circle dance. For each song they perform one of 3 dance styles. How many distinct ways are there to arrange them?,5 людей танцюють у хороводі. Для кожної пісні вони обирають один з трьох танцювальних стилів. Скільки існує різних способів їх організувати?,There are 23 people dancing a circle dance. How many distinct ways are there to arrange them?,23 людей танцюють у хороводі. Скільки існує різних способів їх організувати?,"A planetary engineer is creating an expensive wedding present for her fiancee. She arranges 5 stars in a circle in the firmament and makes them constantly go around in a circle. This feat was performed so that the fiancee can admire the engineer's ingenuity every time he looks up at night. The stars chosen are a red dwarf, a red giant, a blue dwarf, a supernova and a white giant. How many different ways can she arrange the 5 stars?","Планетарна інженерка працює над дорогим подарунком для її нареченого. Вона викладає послідовність з 5 зірок у коло і запускає їх постійно рухатись по колу. Ця подарункова ідея була створена задля того, щоб наречений мав можливість захоплюватися винахідливістю інженерки кожного разу, коли він дивиться на стелю. Обрані зорі: червоний карлик, червоний гігант, синій карлик, супернова і білий гігант. Скільки різних способів є у інженерки, щоб організувати 5 зірок?"
8,In an urn there are 10 balls numbered 1 to 10. You draw 3 times without replacement. How many distinct sets of balls are there?,"У скрині є 10 куль, які пронумеровані від 1 до 10. Ви дістаєте кулі 3 рази одну за одною, не повертаючи їх назад до скрині. Скільки різних можливих наборів куль ви можете отримати?",There are 10 students and 3 tickets for a May Ball. How many ways are there to pick the lucky winners?,Є 10 студентів і 3 квитка на травневий бал. Скільки існує способів обрати щасливих володарів квитка?,There are 10 students and 3 tickets for a May Ball. At 9 pm the fireworks begin. There are 5 different types of fireworks arranged in a random sequence. How many ways are there to pick the lucky winners? ,"Є 10 студентів і 3 квитка на травневий бал. Фейверки розпочинаються о 9й годині вечора. Є 5 різних типів фейверків, які відбудуться у довільний послідовності. Скільки існує способів обрати щасливих володарів квитка?",There are 50 students and 15 tickets for a May Ball. How many ways are there to pick the lucky winners?,Є 50 студентів і 15 квитка на травневий бал. Скільки існує способів обрати щасливих володарів квитка?,"10 computational linguists are told that they should attend the King's annual garden party, and that he will randomly choose three of them who will receive a knighthood. The computational linguists are very excited and try to work out how many different ways there are to assign these knighthoods to them. ","10 обчислювальним лінгвістам передали, що вони повинні відвідати щорічну вечірку короля у саді, і що він випадковим чином обире трьох з них, хто отримає лицарство. Комп'ютерні лінгвісти дуже схвильовані і намагаються з'ясувати, скільки існує різних способів присвоювання їм тітули лицаря."
9,In an urn there are 3 balls numbered 1 to 3. You draw 6 times with replacement. How many distinct sets of balls are there?,"У скрині є 3 кулі, які пронумеровані від 1 до 3. Ви дістаєте кулі 6 разів одну за одною, кожного разу повертаючи кулю назад до скрині. Скільки різних можливих наборів куль ви можете отримати?","3 girls found 9 black pearls. How many distinct ways are there to divide all pearls between the girls, so that each girl gets at least one pearl?","3 дівчат знайшли 9 чорних перлин. Скільки існує різних способів розділити всі перлини між дівчатами, щоб кожна дівчинка отримала хоча б одну?","3 girls found 9 black pearls. To make the diving process easier, the girls can use one or more of 3 tools: a flashlight, a mask and flippers. How many distinct ways are there to divide all pearls between the girls, so that each girl gets at least one pearl?","3 дівчат знайшли 9 чорних перлин. Задля того, щоб спростити дайвінг, дівчата можуть використовувати одну з трьох додаткових речей: ліхтарик, маску або ласти. Скільки існує різних способів розділити всі перлини між дівчатами, щоб кожна дівчинка отримала хоча б одну?","13 girls found 54 black pearls. How many distinct ways are there to divide all pearls between the girls, so that each girl gets at least one pearl?","13 дівчат знайшли 54 чорних перлин. Скільки існує різних способів розділити всі перлини між дівчатами, щоб кожна дівчинка отримала хоча б одну?","Three garbage trucks have been ordered to a hoarder's house. There are only 9 pieces of furniture left at the house, and there is only one parking spot. Furniture will be carried out by the cleaners in a random fashion and whichever truck is in the parking spot will receive the furniture. Trucks take turns with the parking spot. Each truck is allowed in the parking lot only for 5 minutes, and the other trucks circle around the house until their turn comes. 
The lorry drivers only get paid if each truck carries at least one piece of furniture, so they agree that whatever happens, they will share the furniture so that each truck has at least one piece of furniture. After this process, the trucks arrive at the garbage disposal and the drivers compare how many pieces of furniture each has. How many possibilities are there?","Три сміттєвози прибули до будинку меблів. У будинку залишилося лише 9 одиниць меблів, і є лише одне паркувальне місце. Меблі виносяться з дому випадковим чином, і кожен сміттєвоз, який стоїть на парковці, отримає лише одну одиницю меблів за раз. Сміттєвози по черзі займають паркувальне місце. Кожен сміттєвоз може знаходитися на парковці лише до 5 хвилин, а інші сміттєвози катаються навколо будинку, доки не прийде їхня черга. Водії сміттєвозів отримують гроші лише тоді, коли кожен сміттєвоз перевозить хоча б одну одиницю меблю, тож вони домовилися, що хоч що трапиться, вони розділять меблі таким чином, щоб кожен сміттєвоз отримав хоча б по одній одиниці меблів. Після цього процесу сміттєвози приїжджають на сміттєзбірник, і водії порівнюють, скільки одиниць меблів кожен з них має. Скільки різних варіантів розподілу меблів існує?"
10,In an urn there are 3 balls numbered 1 to 3. You draw 9 times with replacement. How many distinct sets of balls are there?,"У скрині є 3 кулі, які пронумеровані від 1 до 3. Ви дістаєте кулі 9 разів одну за одною, кожного разу повертаючи кулю назад до скрині. Скільки різних можливих наборів куль ви можете отримати?",3 girls found 9 white pearls. How many distinct ways are there to divide all pearls between girls? It is not necessary that all girls get pearls.,"3 дівчат знайшли 9 білих перлин. Скільки існує різних способів розділити всі перлини між дівчатами? Необов'язково, щоб всі дівчата отримали перлини.",3 girls found 9 white pearls. All girls are professional free divers and can hold their breath from 8 to 10 minutes. How many distinct ways are there to divide all pearls between girls? It is not necessary that all girls get pearls.,"3 дівчат знайшли 9 білих перлин. Дівчата професійні дайвери та можуть затримувати дихання під водою на від 8 до 10 хвилин. Скільки існує різних способів розділити всі перлини між дівчатами? Необов'язково, щоб всі дівчата отримали перлини.",13 girls found 54 white pearls. How many distinct ways are there to divide all pearls between girls? It is not necessary that all girls get pearls.,"13 дівчат знайшли 54 білих перлин. Скільки існує різних способів розділити всі перлини між дівчатами? Необов'язково, щоб всі дівчата отримали перлини.","3 pirates enter a frigate that has just surrendered to them. They know that there are nine bars of solid gold on board. According to pirate law, any pirate who finds some loot on board a commandeered ship can keep it. They swarm out into every nook and cranny of the ship to find the gold -- each hoping that she will get all nine, and dreading a situation where she finds nothing. How many ways are there to assign the gold bars to the pirates?","3 пірати заходять на фрегат, який щойно здався їм. Вони знають, що на борту є дев'ять злитків золота. По закону піратів будь-який пірат, який знаходить здобич на борту корабля, може її присвоїти. Вони побігли обшукувати кожен кут корабля, щоб знайти золото. Кожен з піратів сподівається відшукати всі дев'ять злитків та хвилюється залишитися без жодного. Скільки існує способів розділити золоті злитки між піратами?"
11,In an urn there are 5 balls numbered 1 to 5. You draw 3 times with replacement. How many distinct sets of balls are there?,"У скрині є 5 куль, які пронумеровані від 1 до 5. Ви дістаєте кулі 3 рази за одною, кожного разу повертаючи кулю назад до скрині. Скільки різних можливих наборів куль ви можете отримати?",There are 5 flavors of ice cream. How many ways are there to arrange 3 scoops of ice cream?,Є 5 смаків морозива. Скільки існує способів обрати 3 кульки морозива?,There are 5 flavors of ice cream. There was also an additional 6th flavor -- citrus but it was very popular and all scoops of it were already sold. How many ways are there to arrange 3 scoops of ice cream?,"Є 5 смаків морозива. Раніше був також доступний 6ий смак -- цитрусовий, але він буде дуже популярний та його вже розібрали. Скільки існує способів обрати 3 кульки морозива?",There are 10 flavors of ice cream. How many ways are there to arrange 7 scoops of ice cream?,Є 10 смаків морозива. Скільки існує способів обрати 7 кульок морозива?,"A baroness is designing her favorite flower bouquet. Only three flowers fit into her vase, but she has in her garden many sunflowers, dahlias, roses, peonies, and cornflowers. And she likes all of them very much. Even putting the same kind of flower more than once into the vase is an option. Thinking about all the possibilities for doing this, she decides she will delegate this important design task to her chief of staff. How many different arrangements can the chief come up with for her?","Баронеса проектує свій улюблений букет квітів. Лише три квітки вміщаються у її вазу, але у саду багато соняшників, жоржин, троянд, півоній, волошків. Та їй дуже подобаються всі квіти. Навіть помістити один і той самий вид квітки більше ніж один раз у вазу є варіантом. Розмірковуючи про всі можливі варіації букетів, вона приймає рішення передати цю важливу задачу голові її персоналу. Скільки різних варіантів букетів може розробити для неї голова персоналу?"
12,There are 3 distinct objects. How large is the superset (set of sets) formed out of there?,Є множина з 3 різних об'єктів. Скільки різних підмножин можна утворити з даної множини?,"Clare has three cats. Every day, she decides which cats she will feed. How many ways are there for Claire to feed the cats?","Клер має трьох котів. Кожного дня вона вирішує, яких котів вона годуватиме. Скільки існує варіантів, щоб нагодувати котів?","Clare has three cats. Every day, she decides which cats she will feed. If a cat was not fed, then it goes to the garden and tries to catch one of 2 possible animals: a mouse or a bird. How many ways are there for Claire to feed the cats?","Клер має трьох котів. Кожного дня вона вирішує, яких котів вона годуватиме. Якщо кота не нагодували, він йде у сад та намагається спіймати одну з двох тваринок: мишу або пташку. Скільки існує варіантів, щоб нагодувати котів?","Clare has twelve cats. Every day, she decides which cats she will feed. How many ways are there for Claire to feed the cats?","Клер має дванадцять котів. Кожного дня вона вирішує, яких котів вона годуватиме. Скільки існує варіантів, щоб нагодувати котів?","The emperor's astronomer is observing the sky each night, to do an important calculation for the emperor. She is looking at three particularly beautiful stars -- one in the eastern sky, one in the southern sky and one in the western sky, and recording each night for each of the stars whether they are obscured by clouds even just for a second, or not. After several days of observation, how many different records could she have?","Астроном імператора спостерігає за небом кожної ночі, щоб зробити важливі обчислення. Вона дивиться на три особливо гарні зірки -- одну на східному, одну на південному та одну на західному небі, і щоночі записує для кожної зірки, чи вона затьмарена хмарами навіть на секунду, чи ні. Після кількох днів спостережень скільки різних записів вона могла зробити?"
13,In an urn there are 10 balls numbered 1 to 10. You draw 7 times without replacement. How many distinct sets of balls are there?,"У скрині є 10 куль, які пронумеровані від 1 до 10. Ви дістаєте кулі 7 разів одну за одною, не повертаючи їх назад до скрині. Скільки різних наборів з куль ви можете отримати?",There are 10 pupils and only 3 places on a bus to Disneyland. How many ways are there to pick the unlucky pupils?,"Є 10 учнів та лише 3 місця на автобусі до Діснейленду. Скільки існує способів, щоб обрати учнів, які не поїдуть?",There are 10 pupils and only 3 places on a bus to Disneyland. There are 8 different attractions available in the theme park. How many ways are there to pick the unlucky pupils?,"Є 10 учнів та лише 3 місця на автобусі до Діснейленду. У парку розваг є 8 різних атракціонів. Скільки існує способів, щоб обрати учнів, які не поїдуть?",There are 33 pupils and only 7 places on a bus to Disneyland. How many ways are there to pick the unlucky pupils?,"Є 33 учня та лише 7 місць на автобусі до Діснейленду. Скільки існує способів, щоб обрати учнів, які не поїдуть?","A witch is impressed with her class of ten apprentices and wants to reward them with advanced lessons. She can only deliver these lessons to 3 of the apprentices. Therefore, she needs to decide who will be excluded from these lessons. She needs to prepare a teaching schedule – how many ways to select which group of apprentices will be excluded.","Чаклунка вражена своєю групою з десяти учнів і хоче нагородити їх додатковими заняттями. Вона може дати ці уроки лише трьом учням. Тому їй потрібно визначити, хто буде виключений з цих занять. Вона повинна підготувати навчальний план програми -- скільки існує способів обрати, хто з учнів буде виключений з додаткових занять."
14,"In how many ways can you break up the number 100 into a sum of integers of 5, 10 and 50? The ordering of the integers does not matter. ","Скільки існує способів розкласти число 100 у суму доданків 5, 10 і 50? Порядок доданків не має значення.","A console costs 100 pounds. You want to buy the console in cash. You have several banknotes of 5, 10 and 50 pounds. How many ways to pay are there so that there is no need for a change? ","Ігрова приставка коштує 100 фунтів. Ви хочете купити приставку готівкою. У вас є декілька банкнот по 5, 10 та 50 фунтів. Скільки існує способів оплатити приставку без здачі?","A console, which comes with a new game from the latest collection of 5 games, costs 100 pounds. You want to buy the console in cash. You have several banknotes of 5, 10 and 50 pounds. How many ways to pay an exact cost are there so that there is no need for a change? ","Ігрова приставка, яка йде разом з новою грою у подарунок зі свіжої колекції із 5 ігор, коштує 100 фунтів. Ви хочете купити приставку готівкою. У вас є декілька банкнот по 5, 10 та 50 фунтів. Скільки існує способів оплатити приставку без здачі?","A console costs 200 pounds. You want to buy the console in cash. You have several banknotes of 5, 10 and 50 pounds. How many ways to pay are there so that there is no need for a change? ","Ігрова приставка коштує 200 фунтів. Ви хочете купити приставку готівкою. У вас є декілька банкнот по 5, 10 та 50 фунтів. Скільки існує способів оплатити приставку без здачі?","Logging on the planet Pandora is essential for the production of tables big enough for many galactic species. A log in Pandora is being sliced into pieces to make tables for Navi. The log is 100m long. It can be cut in slices of 5m, 10m or 50m so that it can produce a small, medium or large table, respectively. How many distinct constellations of tables can be produced by the log?","Лісозаготівля на планеті Пандора є важливою для виробництва столів різного розміру, що є зручними для різних видів живих істот. При лісозаготівлі колода з дерева розділяється на частини, щоб потім виготовити столи для Наві. Довжина однієї колоди -- 100м. Її можна розрізати на шматки 5м, 10м та 50м, щоб потім далі відповідно виробити маленький, середній або великий стіл. Скільки різних наборів столів можна виробити за допомогою однієї колоди?"
15,"There are two urns, Urn 1 with balls 1, 3, 5 and Urn 2 with balls 2 and 4. You draw from Urn 1, then from Urn 2, then back to Urn 1, and so on. You always draw without replacement. How many sequences can you create?","Є дві скрині: Скриня-1 з кулями номер 1, 3, 5 і Скриня-2 з кулями номер 2 та 4. Спочатку ви дістаєте кулю зі Скрині-1, потім кулю зі Скрині-2, потім повертаєтеся до Скрині-1 і так далі. Після кожного разу ви не повертаєте кулі до скринь. Скільки різних послідовностей з куль могло утворитися?","There are 3 red balls and 2 blue balls. Red balls are labelled with odd numbers between 1 and 5, blue balls are labelled with even numbers between 1 and 5. In how many ways can we arrange them in a line, so that no balls of the same color are next to each other?","Є 3 червоних і 2 блакитних кульки. Червоні кульки позначені непарними числами між 1 і 5, блакитні кульки позначені парними числами між 1 і 5. Скільки існує способів розмістити їх у лінію, щоб кожна кулька відрізнялася від своїх сусідів за кольором?","There are 3 red balls and 2 blue balls. Red balls are labelled with odd numbers between 1 and 5, blue balls are labelled with even numbers between 1 and 5. If a ball's number is divisible by 3, it is metal, otherwise it is wooden. In how many ways can we arrange them in a line, so that no balls of the same color are next to each other?","Є 3 червоних і 2 блакитних кульки.  Червоні кульки позначені непарними числами між 1 і 5, блакитні м'ячі позначені парними числами між 1 і 5. Якщо номер кульки ділиться на 3, то він металевий, якщо ні -- то він дерев'яний. Скільки існує способів розмістити їх у лінію, щоб кожна кулька відрізнялася від своїх сусідів за кольором?","There are 12 red balls and 11 blue balls. Red balls are labelled with odd numbers between 1 and 23, blue balls are labelled with even numbers between 1 and 23. In how many ways can we arrange them in a line, so that no balls of the same color are next to each other?","Є 12 червоних і 11 блакитних кульок. Червоні кульки позначені непарними числами між 1 і 23, блакитні кульки позначені парними числами між 1 і 23. Скільки існує способів розмістити їх у лінію, щоб кожна кулька відрізнялася від своїх сусідів за кольором?","The queen is arranging guests at her banquet table, in one long line. 
She has guests from her own family and from her husband's family. 
From her husband's side, there are three guests: her brother-in law, her mother-in-law and her father-in-law. From her own side, there are two guests: her sister and her niece. Court etiquette requires that family members from the same family can under no circumstances be placed together. In how many ways can she arrange her guests?","Королева розміщує гостей на своєму столі у одну довгу лінію. У неї є гості з власної родини та родини її чоловіка. Зі сторони свого чоловіка є троє гостей: його брат, мати та батько. З її сторони є два гості: її сестра та племінниця. Закони етики вимагають, щоб члени однієї родити не знаходилися поруч. Скількома способами вона може розподілити своїх гостей?"
16,"There is a sequence of 7 balls labelled zero and 5 balls labelled 1 to 5, respectively. How many distinct permutations are there if non-zero balls cannot stand next to each other?","Є послідовність з 7 куль, які мають номер 0, і 5 куль, які пронумеровані від 1 до 5 відповідно. Скільки різних перестановок куль існує за умовою, що кулі, які мають ненулевий номер, не можуть знаходитися поруч?",Simone has 12 books on her shelf. In how many ways can she pick 5 books which do not currently stand together?,"Сімона має 12 книжок на полиці. Скільки існує способів обрати 5 книжок, які не знаходяться поруч?","Simone has 12 books on her shelf, each of which cost 10 pounds. In how many ways can she pick 5 books which do not currently stand together?","Сімона має 12 книжок на полиці, кожна з яких коштує по 10 фунтів. Скільки існує способів обрати 5 книжок, які не знаходяться поруч?",Simone has 35 books on her shelf. In how many ways can she pick 10 books which do not currently stand together?,"Сімона має 35 книжок на полиці. Скільки існує способів обрати 10 книжок, які не знаходяться поруч?","You are making an exercise plan for a top athlete. The athlete needs to practice stretching, running, shooting, skiing, swimming sessions. Each session must take a full day of practice. There are 12 days left before the biathlon competition. The athlete cannot exercise more than one day in a row without taking a full day of rest. How many different exercise plans can you make?","Ви розроблюєте тренувальний план для професійного атлета. Атлету потрібно тренувати розтяжку, біг, стрільбу, катання на лижах та плавання. Кожна така практика повинна займати повний день. До змагання з біатлону залишилося лише 12 днів. Атлет не може тренуватися більше одного дня поспіль без принаймні одного дня відпочинку. Скільки різних тренувальних планів ви можете розробити для атлета?"
17,"In an urn there are balls in 4 colours, 13 of each type labelled from 1 to 13. You draw 4 times without replacement. How many sets of balls with 4 distinct colours are there?","У скрині є кулі 4 кольорів по 13 куль кожного кольору, що пронумеровані від 1 до 13. Ви дістаєте 4 кулі одну за одною, не повертаючи їх назад до скрині. Скільки існує комбінацій куль з 4 різними кольорами?",How many ways are there to choose 4 cards of different suits from a full deck of cards?,"Скільки існує способів, щоб обрати 4 гральних карти різної масті з повної колоди карт?",You have 3 identical decks of cards and you pick one of them. How many ways are there to choose 4 cards of different suits from a full deck of cards?,"У вас є 3 ідентичні колоди гральних карт та ви обрали одну з них. Скільки існує способів, щоб обрати 4 гральних карти різної масті з повної колоди карт?",How many ways are there to choose 2 cards of different suits from a full deck of cards?,"Скільки існує способів, щоб обрати 2 гральних карти різної масті з повної колоди карт?","You have become ruler over 4 planetary systems. Each system has 13 planets. You now have 52 planets that are your property, each with beautiful landscapes, beaches and mountains. Where to holiday first? It's a hard choice. You decide that in the first year, you will make 4 holidays, each in a different planetary system. How many different ways to spend this year's holidays are there?","Ви стали володарем 4 планетарних систем. Кожна система має 13 планет. Відтепер у вас є 52 планети, що належать вам, кожна з яких має гарні краєвиди, пляжі та гори. Але ж де провести перші канікули? Це непростий вибір. Ви вирішуєте, що у перший рік ви проведете 4 тижня канікул -- по одному на кожній з систем. Скільки різних способів у вас є провести рік канікул?"
18,"There are two urns containing 3 and 5 objects, respectively. How many ways to pick one from each urn?","Є дві скрині, що містять 3 та 5 об'єктів відповідно. Скільки існує способів обрати по одному об'єкту з кожної скрині?","There are 3 roads between Cambridge and London, and 5 roads between London and Oxford. How many ways are there to travel from Cambridge to Oxford through London?","Є 3 дороги між Києвом та Полтавою, і 5 доріг між Полтавою та Харковом. Скільки існує шляхів дістатися з Києва до Харкова через Полтаву?","There are 3 roads between Cambridge and London, 5 roads between London and Oxford, and 7 roads between Liverpool and London. How many ways are there to travel from Cambridge to Oxford through London? ","Є 3 дороги між Києвом та Полтавою, 5 доріг між Полтавою та Харковом, та 7 доріг між Полтавою та Кременчуком. Скільки існує шляхів дістатися з Києва до Харкова через Полтаву? ","There are 11 roads between Cambridge and London, and 20 roads between London and Oxford. How many ways are there to travel from Cambridge to Oxford through London?","Є 11 доріг між Києвом та Полтавою, і 20 доріг між Полтавою та Харковом. Скільки існує шляхів дістатися з Києва до Харкова через Полтаву?","A knight, who lives in Greenfields town, intends to participate at the annual jousting event. First, he has to go Ponyville town, where he will get his noble horse. There are 3 roads between Greenfields and Ponyville. He has a choice of 7 horses at Ponyville. After that, he has to go to Saddleford town and pick the brand-new shiny and comfortable saddle. There are 5 roads between Ponyville and Saddleford. How many ways are there to travel from Greenfields to Saddleford through Ponyville?","Лицар, який живе у місті Ґрінфілдс, планує брати участь на щорічних лицарських змаганнях. По-перше, він повинен доїхати до містечка Понівіль, де отримає свого благородного скакуна. Є 3 дороги між Ґрінфілдсом і Понівілем. У нього є вибір з 7 коней у Понівилі. Після цього він повинен поїхати у місто Садделфорд та обрати новий блискучий та комфортний садунок. Є 5 доріг між Понівілем і Садделфордом. Скільки існує шляхів, щоб подорожувати з Ґрінфілдса до Садделфорда через Понівіль?"
19,There is an urn with 9 balls numbered 1 to 9. You draw 2 times without replacement. How many distinct permutations are there?,"У скрині є 9 куль, які пронумеровані від 1 до 9. Ви дістаєте 2 кулі 2 одну за одною, не повертаючи їх назад до скрині. Скільки різних перестановок куль можна отримати?","Two players are playing tic-tac-toe. They just started a new game, and each player made one move. How many game positions are there at this stage of the game? ","Двоє гравців грають у хрестики-нулики. Вони щойно розпочали нову гру, і кожен гравець зробив по одному ходу. Скільки різних позицій у грі могло виникнути на цей момент?","Two players are playing tic-tac-toe. The size of their board is 13 centimeters by 13 centimeters. They just started a new game, and each player made one move. How many game positions are there at this stage of the game? ","Двоє гравців грають у хрестики-нулики. Розмір дошки -- 13 сантиметрів та 13 сантиметрів. Вони щойно розпочали нову гру, і кожен гравець зробив по одному ходу. Скільки різних позицій у грі могло виникнути на цей момент?","Two players are playing tic-tac-toe. They just started a new game, and each player made two moves. How many game positions are there at this stage of the game? ","Двоє гравців грають у хрестики-нулики. Вони щойно розпочали нову гру, і кожен гравець зробив по два ходи. Скільки різних позицій у грі могло виникнути на цей момент?","I am getting married and my divorced parents will be attending the wedding. My mother and father do not like each other and cannot stand being in the same room. My mansion has nine bedrooms, so, I can assign one room for my mother and another for my father. How many are there to allocate rooms to my parents?","Я одружуюсь, і мої розлучені батьки планують відвідувати весілля. Мої мати та батько постійно сваряться, а тому не можуть знаходитися у одній кімнаті. У моєму будинку є дев'ять спальних місць, тож я можу надати по одній кімнаті кожному з моїх батьків. Скільки існує способів, щоб розподілити кімнати між моїми батькам?"
20,How many distinct strings could be created from the string ABCDE if A must go before B and C must go before D?,"Скільки різних рядків можна отримати з рядка ABCDE, за умовою якщо A має стояти раніше за B, а C -- раніше за D?","Andrii is trying to put some clothes on. He has to put on socks, shoes and a hat. In how many ways can he do it? ","Андрій одягається. Він повинен вдягнути шкарпетки, взуття та капелюх. Скількома різними способами він може це зробити?","To get to a formal event, Andrii has ordered a taxi, which will arrive at 7 o'clock. But, first, he has to put on some clothes: socks, shoes and a hat. In how many ways can he do it? ","Щоб дістатися офіційної події, Андрій замовив таксі, яке має приїхати о 7ій. Але спочатку він повинен вдягнути шкарпетки, взуття та капелюх. Скількома різними способами він може це зробити?","Andrii is trying to put some clothes on. He has to put on socks, shoes, gloves and a hat. In how many ways can he do it? ","Андрій одягається. Він повинен вдягнути шкарпетки, взуття, рукавички та капелюх. Скількома різними способами він може це зробити?","You oversee two islands and a ceremonial boat, and your job is to make sure several preparations for an important festival are made. 
On each island, the highest tree needs to be felled and then carved into a totem to be placed on the beach. As soon as one of the two tree is felled, a telegram is transmitted to the mainland and given a time stamp. When one of the two totems is placed on the beach, another telegram is transmitted. You also need to make sure the ceremonial boat is decorated. Again, when this task is finished, a telegram is transmitted. You have workers on each island, and on the boat. You do not know how long each task takes. At the end of the preparations, you look a the order of the incoming telegrams. How many different sequences are there in which the telegrams can come in?","Ви керуєте двома островами та церемоніальним човном, і ваша робота полягає у тому, щоб зробити кілька підготувань до важливого фестивалю. На кожному острові знаходять найвище дерево, яке потім вирізають у тотем, щоб розмістити на пляжі. Як тільки зрубають одне з двох дерев, на материк надсилається телеграма разом з датою та часом. Коли один з двох тотемів встановлено на пляжі, надсилається інша телеграма. Також вам потрібно переконатися, що церемоніальний човен буде прикрашено. Коли й ця робота буде завершена, надсилається ще одна телеграма. У вас є працівники на кожному острові та човні. Ви не знаєте, скільки часу займає кожна робота. Наприкінці підготувань ви дивитесь на порядок отриманих телеграм. Скільки існує різних послідовностей?"
21,"The cardinality of set A is 10, the cardinality of set B is 6, the cardinality of intersection of A nad B is 3. How many elements are there in the union of A and B? ","Множина A складається з 10 елементів, множина B -- 6 елементів, а множина, що є перетином множин A та B -- 3 елементів. Скільки елементів у об'єднанні множин A і B?","A group of students are going to choose their classes. 10 students chose mathematics classes, 6 chose programming classes. In the group there are 3 students who choose both. How large is the group in total? ","Група студентів обирають предмети. 10 студентів обрали заняття з математики, 6 -- заняття з програмування. У групі є 3 студента, які обрали обидва предмети. Скільки студентів навчається разом у групі?","A group of students are going to choose their classes. 10 students chose mathematics classes, 6 chose programming classes. In the group there are 3 students who choose both. Students who picked just one class must sign up for another class chosen among 3 other subjects: biology, geography or history. How large is the group in total?","Група студентів обирають предмети. 10 студентів обрали заняття з математики, 6 -- заняття з програмування. У групі є 3 студента, які обрали обидва предмети. Студенти, які обрали лише один предмет, мають обрати ще один предмет на вибір серед додаткових: біологія, географія або історія. Скільки студентів навчається разом у групі?","A group of students are going to choose their classes. 50 students chose mathematics classes, 30 chose programming classes. In the group there are 15 students who choose both. How large is the group in total? ","Група студентів обирають предмети. 50 студентів обрали заняття з математики, 30 -- заняття з програмування. У групі є 15 студента, які обрали обидва предмети. Скільки студентів навчається разом у групі?","A group of coal miners are invited to a day spa. They can choose any treatment they like: massage or pedicure. At the end of the day, they compare their activities.10 of the miners had been to the massage, and six had a pedicure. Three had both the massage and the pedicure. How many miners are there in total?","Групу шахтарів запросили на день у спа. Вони можуть обрати будь-який відпочинок, який їм сподобається: масаж чи педикюр. Наприкінці дня вони порівнюють, як провели свій день. 10 шахтарів відвідали масаж, а 6 -- педикюр. Троє -- і масаж, і педикюр. Скільки шахтарів відвідало спа?"
22,An urn contains 1 black and 1 white ball. You draw 4 times with replacement. How many sequences are there?,"У скрині знаходяться 1 чорна та 1 біла кулі. Ви дістаєте кулі 4 рази одну за одною, кожного разу повертаючи кулю назад до скрині. Скільки різних послідовностей з куль могло утворитися?",There is a 2 by 2 pixel grid. The only allowed color values are black and white. How many different images are there?,Є графічне зображення 2 на 2 пікселя. Єдині допустимі значення кольору -- чорний та білий. Скільки різних зображень існує?,There is 2 by 2 pixel grid. The only allowed color values are black and white. The display resolution of the laptop is 1080p. How many different images are there?,Є графічне зображення 2 на 2 пікселя. Єдині допустимі значення кольору -- чорний та білий. Розширення дисплею на ноутбуці -- 1080p. Скільки різних зображень існує?,There is a 16 by 16 pixel grid. The only allowed color values are black and white. How many different images are there?,Є графічне зображення 16 на 16 пікселей. Єдині допустимі значення кольору -- чорний та білий. Скільки різних зображень існує?,"Four young dinosaurs are hatching on the same day: a brontosaur, a tyrannosaurus rex, a raptor and a stegosaurus. Their mothers have left them alone in their nest, and they need to wait till the evening when their mothers return to protect them. However, some brutal mammalian predators are on the move today and they are eating some of the baby dinosaurs. When the four mothers return to the nest, how many different outcomes can they found?","Чотири маленькі динозаври вилупилися у один день: бронтозавр, тиранозавр рекс, раптор і стегозавр. Їхні матусі залишили їх наодинці у своїх гніздах, і тепер їм потрібно дочекатися вечора, коли вони повернуться додому, щоб захистити їх. Однак деякі жорстокі хижаки знаходяться поруч та з певною ймовірністю з'їдять кількох малюків-динозаврів. Коли чотири матусі повернуться до своїх гнізд, скільки можливих ситуацій вони можуть зустріти?"
23,An urn contains 6 balls numbered 1 to 6. You draw 5 times with replacement. How many distinct sequences are there?,"У скрині є 6 куль, які пронумеровані від 1 до 6. Ви дістаєте кулі 5 разів одну за одною, кожного разу повертаючи кулю назад до скрині. Скільки різних перестановок куль можна отримати?",You roll a dice 5 times in a row and write down the numbers you get. How many distinct sequences of numbers can you have?,"Ви кидаєте гральний кубик 5 разів поспіль і записуєте числа, які ви отримали. Скільки різних послідовностей чисел ви могли отримати?",You roll a dice 5 times in a row and write down the numbers you get. Each roll takes 10 seconds. How many distinct sequences of numbers can you have?,"Ви кидаєте гральний кубик 5 разів поспіль і записуєте числа, які ви отримали. Кожен бросок займає 10 секунд. Скільки різних послідовностей чисел ви могли отримати?",You roll a dice 19 times in a row and write down the numbers you get. How many distinct sequences of numbers can you have?,"Ви кидаєте гральний кубик 19 разів поспіль і записуєте числа, які ви отримали. Скільки різних послідовностей чисел ви могли отримати?","You just arrived at boarding school and they told you their meal plan. Because of strikes at your school canteen, they will not be working one school day each week. School days are Monday to Saturday, and they will randomly decide which one out of these days that is. After 5 weeks of this, it will be your holiday and you will get to go home and eat properly. For fun you calculate how many different sequences of hungry school days there are until then.","Ви щойно прибули до школи, де вам повідомили план харчування. Через перебої у шкільній їдальні, вона не працюватиме один з робочих днів кожного тижня. Школа працює з понеділка до суботи, а неробочий для їдальні день обирається випадковим чином. Після 5 тижнів школи, у вас будуть канікули, де ви зможете нарешті наїстися вдома. Для розваги ви вирішили порахувати, скільки різних послідовностей ""голодних"" днів тижня трапиться до того часу у школі."
24,An urn contains 7 balls numbered 1 to 7. You draw 7 times without replacement. How many distinct sequences are there?,"У скрині є 7 куль, які пронумеровані від 1 до 7. Ви дістаєте кулі 7 разів одну за одною, не повертаючи їх назад до скрині. Скільки різних перестановок куль можна отримати?","There are 7 different professions, which must be covered by 7 people. How many ways are there to assign professions to people?","Є 7 різних професій, які мають виконувати 7 людей. Скільки існує способів розподілити дані професії між людьми?","There are 7 different professions, which must be covered by 7 people. Each person studied for 4 years to qualify for the position. How many ways are there to assign professions to people?","Є 7 різних професій, які мають виконувати 7 людей. Кожна людина навчалася 4 роки, щоб отримати дану позицію. Скільки існує способів розподілити дані професії між людьми?","There are 31 different professions, which must be covered by 31 people. How many ways are there to assign professions to people?","Є 31 різна професія, які мають виконувати 31 людей. Скільки існує способів розподілити дані професії між людьми?","Seven princess sisters are ordered to marry seven princes who are brothers. The two kings decide that the eldest sister has to marry the eldest brother, and so on. However, when the princes and princesses go on their first joint date and see all the other princesses and princes, a rebellious idea forms in their minds: they want to decide themselves how to make the match. How many different ways are there to make these matches?","Сім сестер-принцес мають одружитися з сімома братами-принцами. Два короля родин вирішують, що старша сестра має одружитися зі старшим братом і так далі. Однак, коли принци та принцеси прибули на їхнє перше побачення, у їхніх головах формується бунтівна ідея: вони хочуть самі вирішити, які пари утворити. Скільки різних способів розділитися на пари мають родини?"
25,"There is an urn with 25 white balls numbered 1 to 25 and 25 black balls numbered 1 to 25. You draw 25 times without replacement. Every time you draw a ball with label N, other ball with the same label but other color disappears from the urn. How many distinct sets of balls with 3 or less black balls are there?","У скрині знаходиться 25 куль білого кольору, які пронумеровані від 1 до 25, та 25 куль чорного кольору, які пронумеровані від 1 до 25. Ви дістаєте по одній 25 куль, не повертаючи їх назад до скрині. Щоразу коли ви дістаєте кулю з номером N певного кольору, куля з таким самим номером іншого кольору зникає зі скрині. Скільки різних послідовностей куль існує, які містять максимум 3 чорних кулі?","There are 25 puzzles in the puzzle set. You solve puzzles one by one starting from the first puzzle. If you solve all puzzles and make no more than 3 mistakes, you win a cake. How many distinct ways are there to win the cake?","У наборі є 25 задач. Ви розв'язуєте задачі одна за одною, починаючи з першої. Якщо ви розв'язали всі задачі і зробили не більше 3 помилок, ви виграєте торт. Скільки існує різних способів, щоб виграти торт?","There are 25 puzzles in the puzzle set. You solve puzzles one by one starting from the first puzzle. The puzzles are starting with difficulty level 7, going down to difficulty level 1. If you solve all puzzles and make no more than 3 mistakes, you win a cake. How many distinct ways are there to win the cake?","У наборі є 25 задач. Ви розв'язуєте задачі одна за одною, починаючи з першої. Задачі починаються з 7 рівня складності та спрощуються до 1 рівня складності. Якщо ви розв'язали всі задачі і зробили не більше 3 помилок, ви виграєте торт. Скільки існує різних способів, щоб виграти торт?","There are 100 puzzles in the puzzle set. You solve puzzles one by one starting from the first puzzle. If you solve all puzzles and make no more than 10 mistakes, you win a cake. How many distinct ways are there to win the cake?","У наборі є 100 задач. Ви розв'язуєте задачі одна за одною, починаючи з першої. Якщо ви розв'язали всі задачі і зробили не більше 10 помилок, ви виграєте торт. Скільки існує різних способів, щоб виграти торт?","A young boy is applying for a position as a monk in a monastery. The abbot says they have to prove themselves, by succeeding in doing 25 hard tasks over the next 25 days. They can fail in 3 of these tasks, but no more, and still become a monk. How many different ways are there for the boy to either fail or succeed in the tasks if he wants to end up as a monk?","Молодий хлопчик шукає роботу монаха у монастирі. Абат каже, що йому треба продемонструвати, що він успішно виконає 25 важких завдань протягом наступних 25 днів. Він може провалитися у 3 з цих завдань, але не більше, та стати монахом. Скільки різних способів є у хлопчика, щоб провалитися або впоратися зі завданнями, якщо він хоче стати монахом?"
,,,,,,,,,,
